Workbook

Sheet Designer
J2: Puzzle date | N2: 17
J4: Highest number | N4: =49-COUNTIF(B2:H8,"x") -> 49

Sheet Code
A1: ="export const puzzle"&Designer!N2&" = ["&CHAR(10)&A5&B5&C5&D5&E5&F5&G5&A6&B6&C6&D6&E6&F6&G6&A7&B7&C7&D7&E7&F7&G7&A8&B8&C8&D8&E8&F8&G8&A9&B9&C9&D9&E9&F9&G9&A10&B10&C10&D10&E10&F10&G10&A11&B11&C11&D11&E11&F11&G11&"];"&CHAR(10) -> export const puzzle17 = [ [null, null, null, null, null, null, null], [null, null, null, null, null, null, null], [null, null, null, null, null, null, null], [null, null, null, null, null, null, null], [null, null, null, null, null, null, null], [null, null, null, null, null, null, null], [null, null, null, null, null, null, null] ];
A3: ="{ name: """&Designer!N2&""", grid: puzzle"&Designer!N2&" }," -> { name: "17", grid: puzzle17 },
A5: =IF(ISBLANK(Designer!B2)," [null, ",IF(Designer!B2="x"," ['X', "," ["&Designer!B2&", ")) -> [null, | B5: =IF(ISBLANK(Designer!C2),"null, ",IF(Designer!C2="x","'X', ",Designer!C2&", ")) -> null, | C5: =IF(ISBLANK(Designer!D2),"null, ",IF(Designer!D2="x","'X', ",Designer!D2&", ")) -> null, | D5: =IF(ISBLANK(Designer!E2),"null, ",IF(Designer!E2="x","'X', ",Designer!E2&", ")) -> null, | E5: =IF(ISBLANK(Designer!F2),"null, ",IF(Designer!F2="x","'X', ",Designer!F2&", ")) -> null, | F5: =IF(ISBLANK(Designer!G2),"null, ",IF(Designer!G2="x","'X', ",Designer!G2&", ")) -> null, | G5: =IF(ISBLANK(Designer!H2),"null], "&CHAR(10),IF(Designer!H2="x","'X'], "&CHAR(10),Designer!H2&"], "&CHAR(10))) -> null],
A6: =IF(ISBLANK(Designer!B3)," [null, ",IF(Designer!B3="x"," ['X', "," ["&Designer!B3&", ")) -> [null, | B6: =IF(ISBLANK(Designer!C3),"null, ",IF(Designer!C3="x","'X', ",Designer!C3&", ")) -> null, | C6: =IF(ISBLANK(Designer!D3),"null, ",IF(Designer!D3="x","'X', ",Designer!D3&", ")) -> null, | D6: =IF(ISBLANK(Designer!E3),"null, ",IF(Designer!E3="x","'X', ",Designer!E3&", ")) -> null, | E6: =IF(ISBLANK(Designer!F3),"null, ",IF(Designer!F3="x","'X', ",Designer!F3&", ")) -> null, | F6: =IF(ISBLANK(Designer!G3),"null, ",IF(Designer!G3="x","'X', ",Designer!G3&", ")) -> null, | G6: =IF(ISBLANK(Designer!H3),"null], "&CHAR(10),IF(Designer!H3="x","'X'], "&CHAR(10),Designer!H3&"], "&CHAR(10))) -> null],
A7: =IF(ISBLANK(Designer!B4)," [null, ",IF(Designer!B4="x"," ['X', "," ["&Designer!B4&", ")) -> [null, | B7: =IF(ISBLANK(Designer!C4),"null, ",IF(Designer!C4="x","'X', ",Designer!C4&", ")) -> null, | C7: =IF(ISBLANK(Designer!D4),"null, ",IF(Designer!D4="x","'X', ",Designer!D4&", ")) -> null, | D7: =IF(ISBLANK(Designer!E4),"null, ",IF(Designer!E4="x","'X', ",Designer!E4&", ")) -> null, | E7: =IF(ISBLANK(Designer!F4),"null, ",IF(Designer!F4="x","'X', ",Designer!F4&", ")) -> null, | F7: =IF(ISBLANK(Designer!G4),"null, ",IF(Designer!G4="x","'X', ",Designer!G4&", ")) -> null, | G7: =IF(ISBLANK(Designer!H4),"null], "&CHAR(10),IF(Designer!H4="x","'X'], "&CHAR(10),Designer!H4&"], "&CHAR(10))) -> null],
A8: =IF(ISBLANK(Designer!B5)," [null, ",IF(Designer!B5="x"," ['X', "," ["&Designer!B5&", ")) -> [null, | B8: =IF(ISBLANK(Designer!C5),"null, ",IF(Designer!C5="x","'X', ",Designer!C5&", ")) -> null, | C8: =IF(ISBLANK(Designer!D5),"null, ",IF(Designer!D5="x","'X', ",Designer!D5&", ")) -> null, | D8: =IF(ISBLANK(Designer!E5),"null, ",IF(Designer!E5="x","'X', ",Designer!E5&", ")) -> null, | E8: =IF(ISBLANK(Designer!F5),"null, ",IF(Designer!F5="x","'X', ",Designer!F5&", ")) -> null, | F8: =IF(ISBLANK(Designer!G5),"null, ",IF(Designer!G5="x","'X', ",Designer!G5&", ")) -> null, | G8: =IF(ISBLANK(Designer!H5),"null], "&CHAR(10),IF(Designer!H5="x","'X'], "&CHAR(10),Designer!H5&"], "&CHAR(10))) -> null],
A9: =IF(ISBLANK(Designer!B6)," [null, ",IF(Designer!B6="x"," ['X', "," ["&Designer!B6&", ")) -> [null, | B9: =IF(ISBLANK(Designer!C6),"null, ",IF(Designer!C6="x","'X', ",Designer!C6&", ")) -> null, | C9: =IF(ISBLANK(Designer!D6),"null, ",IF(Designer!D6="x","'X', ",Designer!D6&", ")) -> null, | D9: =IF(ISBLANK(Designer!E6),"null, ",IF(Designer!E6="x","'X', ",Designer!E6&", ")) -> null, | E9: =IF(ISBLANK(Designer!F6),"null, ",IF(Designer!F6="x","'X', ",Designer!F6&", ")) -> null, | F9: =IF(ISBLANK(Designer!G6),"null, ",IF(Designer!G6="x","'X', ",Designer!G6&", ")) -> null, | G9: =IF(ISBLANK(Designer!H6),"null], "&CHAR(10),IF(Designer!H6="x","'X'], "&CHAR(10),Designer!H6&"], "&CHAR(10))) -> null],
A10: =IF(ISBLANK(Designer!B7)," [null, ",IF(Designer!B7="x"," ['X', "," ["&Designer!B7&", ")) -> [null, | B10: =IF(ISBLANK(Designer!C7),"null, ",IF(Designer!C7="x","'X', ",Designer!C7&", ")) -> null, | C10: =IF(ISBLANK(Designer!D7),"null, ",IF(Designer!D7="x","'X', ",Designer!D7&", ")) -> null, | D10: =IF(ISBLANK(Designer!E7),"null, ",IF(Designer!E7="x","'X', ",Designer!E7&", ")) -> null, | E10: =IF(ISBLANK(Designer!F7),"null, ",IF(Designer!F7="x","'X', ",Designer!F7&", ")) -> null, | F10: =IF(ISBLANK(Designer!G7),"null, ",IF(Designer!G7="x","'X', ",Designer!G7&", ")) -> null, | G10: =IF(ISBLANK(Designer!H7),"null], "&CHAR(10),IF(Designer!H7="x","'X'], "&CHAR(10),Designer!H7&"], "&CHAR(10))) -> null],
A11: =IF(ISBLANK(Designer!B8)," [null, ",IF(Designer!B8="x"," ['X', "," ["&Designer!B8&", ")) -> [null, | B11: =IF(ISBLANK(Designer!C8),"null, ",IF(Designer!C8="x","'X', ",Designer!C8&", ")) -> null, | C11: =IF(ISBLANK(Designer!D8),"null, ",IF(Designer!D8="x","'X', ",Designer!D8&", ")) -> null, | D11: =IF(ISBLANK(Designer!E8),"null, ",IF(Designer!E8="x","'X', ",Designer!E8&", ")) -> null, | E11: =IF(ISBLANK(Designer!F8),"null, ",IF(Designer!F8="x","'X', ",Designer!F8&", ")) -> null, | F11: =IF(ISBLANK(Designer!G8),"null, ",IF(Designer!G8="x","'X', ",Designer!G8&", ")) -> null, | G11: =IF(ISBLANK(Designer!H8),"null]"&CHAR(10),IF(Designer!H8="x","'X']" & CHAR(10),Designer!H8&"]"&CHAR(10))) -> null]

Sheet Puzzle dates
